{"event":[{"query":{"id":[{"timestamp_usec":"1506230343308954"}],"query_text":"weather"}},{"query":{"id":[{"timestamp_usec":"1506228015121402"}],"query_text":"my account"}},{"query":{"id":[{"timestamp_usec":"1506227931855092"},{"timestamp_usec":"1506227938712649"}],"query_text":"my emails"}},{"query":{"id":[{"timestamp_usec":"1506227926744224"}],"query_text":"Good night images"}},{"query":{"id":[{"timestamp_usec":"1506225816480274"}],"query_text":"add reminder"}},{"query":{"id":[{"timestamp_usec":"1506211566862339"}],"query_text":"my reservations"}},{"query":{"id":[{"timestamp_usec":"1506211497767014"}],"query_text":"my emails"}},{"query":{"id":[{"timestamp_usec":"1505837317037688"}],"query_text":"weather"}},{"query":{"id":[{"timestamp_usec":"1505703930448001"}],"query_text":"hidden finder manager"}},{"query":{"id":[{"timestamp_usec":"1505702055259729"}],"query_text":"weather"}},{"query":{"id":[{"timestamp_usec":"1505681595965836"}],"query_text":"trick"}},{"query":{"id":[{"timestamp_usec":"1505681239618120"}],"query_text":"google plus"}},{"query":{"id":[{"timestamp_usec":"1505676092534000"}],"query_text":"winzip"}},{"query":{"id":[{"timestamp_usec":"1505659839742475"}],"query_text":"trick"}},{"query":{"id":[{"timestamp_usec":"1505525860762000"}],"query_text":"crazy granny"}},{"query":{"id":[{"timestamp_usec":"1505409896629855"}],"query_text":"weather"}},{"query":{"id":[{"timestamp_usec":"1505312734191000"}],"query_text":"sms go cloud"}},{"query":{"id":[{"timestamp_usec":"1505312710559000"}],"query_text":"go cloud"}},{"query":{"id":[{"timestamp_usec":"1505304593155001"}],"query_text":"WinZip – Zip UnZip Tool Es file explorer"}},{"query":{"id":[{"timestamp_usec":"1505303392388000"}],"query_text":"gosm"}},{"query":{"id":[{"timestamp_usec":"1505302886748662"}],"query_text":"change password"}},{"query":{"id":[{"timestamp_usec":"1505301997671001"}],"query_text":"WinZip – Zip UnZip Tool Es file explorer"}},{"query":{"id":[{"timestamp_usec":"1505281823630453"}],"query_text":"f403045e3e52aac63f05588fbd33 encodes"}},{"query":{"id":[{"timestamp_usec":"1505281813530825"}],"query_text":"f403045e3e52aac63f05588fbd33"}},{"query":{"id":[{"timestamp_usec":"1505276018915929"}],"query_text":"gmail"}},{"query":{"id":[{"timestamp_usec":"1505274471204001"}],"query_text":"Pinterest"}},{"query":{"id":[{"timestamp_usec":"1505116533529000"}],"query_text":"ignite digital recorder"}},{"query":{"id":[{"timestamp_usec":"1505115973324000"}],"query_text":"Ghost Commander"}},{"query":{"id":[{"timestamp_usec":"1505115461571001"}],"query_text":"Root"}},{"query":{"id":[{"timestamp_usec":"1505114653382154"}],"query_text":"kingroot.net"}},{"query":{"id":[{"timestamp_usec":"1505114648787979"}],"query_text":"kingroot com"}},{"query":{"id":[{"timestamp_usec":"1505110855170000"}],"query_text":"4shared"}},{"query":{"id":[{"timestamp_usec":"1505110813428001"}],"query_text":"4shared.com"}},{"query":{"id":[{"timestamp_usec":"1505110116657000"}],"query_text":"flashify no root"}},{"query":{"id":[{"timestamp_usec":"1505110107877000"}],"query_text":"Flashify "}},{"query":{"id":[{"timestamp_usec":"1505109970864331"}],"query_text":"Download"}},{"query":{"id":[{"timestamp_usec":"1505107506720001"}],"query_text":"Customer Recovery"}},{"query":{"id":[{"timestamp_usec":"1505106958723000"}],"query_text":"customer recovery"}},{"query":{"id":[{"timestamp_usec":"1505106946523001"}],"query_text":"customer records"}},{"query":{"id":[{"timestamp_usec":"1505105551431001"}],"query_text":"wechat"}},{"query":{"id":[{"timestamp_usec":"1505103397936000"}],"query_text":"Super Su"}},{"query":{"id":[{"timestamp_usec":"1505101061900000"}],"query_text":"open files using for all files"}},{"query":{"id":[{"timestamp_usec":"1505100980310001"}],"query_text":"app to override android services app"}},{"query":{"id":[{"timestamp_usec":"1505100295856000"}],"query_text":"hidden finder manager"}},{"query":{"id":[{"timestamp_usec":"1505100247283001"}],"query_text":"File Viewer for Android"}},{"query":{"id":[{"timestamp_usec":"1505100152124001"}],"query_text":"internal drive manager"}},{"query":{"id":[{"timestamp_usec":"1505100137682001"}],"query_text":"Goo"}},{"query":{"id":[{"timestamp_usec":"1505100035642001"}],"query_text":"hidden vpn finder"}},{"query":{"id":[{"timestamp_usec":"1505100010851002"}],"query_text":"vpn finder"}},{"query":{"id":[{"timestamp_usec":"1505099986680001"}],"query_text":"unlimited access"}},{"query":{"id":[{"timestamp_usec":"1505099752413001"}],"query_text":"Root access"}},{"query":{"id":[{"timestamp_usec":"1505099745908000"}],"query_text":"R"}},{"query":{"id":[{"timestamp_usec":"1505032975370000"}],"query_text":"ghost tracker"}},{"query":{"id":[{"timestamp_usec":"1505031335081001"}],"query_text":"find deleted texts"}},{"query":{"id":[{"timestamp_usec":"1505028917509000"}],"query_text":"restore deleted texts"}},{"query":{"id":[{"timestamp_usec":"1505028829206001"}],"query_text":"es"}},{"query":{"id":[{"timestamp_usec":"1505028815098001"}],"query_text":"ghost defender"}},{"query":{"id":[{"timestamp_usec":"1505028799917001"}],"query_text":"ghost tracker"}},{"query":{"id":[{"timestamp_usec":"1505024312784001"}],"query_text":"Applock Applock"}},{"query":{"id":[{"timestamp_usec":"1505016210486057"}],"query_text":"charsequence"}},{"query":{"id":[{"timestamp_usec":"1504905254512137"}],"query_text":"1600 Amphitheatre Parkway, Mountain View, CA 94043, USA"}},{"query":{"id":[{"timestamp_usec":"1504905143665524"}],"query_text":"(Current Location) -> Montgomery County, TX"}},{"query":{"id":[{"timestamp_usec":"1504905138486797"}],"query_text":"Montgomery County, TX"}},{"query":{"id":[{"timestamp_usec":"1504877003790013"}],"query_text":"equifax data breach"}},{"query":{"id":[{"timestamp_usec":"1504875509147000"}],"query_text":"couple app"}},{"query":{"id":[{"timestamp_usec":"1504875471293001"}],"query_text":"Hidden"}},{"query":{"id":[{"timestamp_usec":"1504874365259000"},{"timestamp_usec":"1504874366951334"}],"query_text":"equifax data breach"}},{"query":{"id":[{"timestamp_usec":"1504861197245547"}],"query_text":"what is a toast message?"}},{"query":{"id":[{"timestamp_usec":"1504861086987001"}],"query_text":"Cms Volt"}},{"query":{"id":[{"timestamp_usec":"1504860296939000"}],"query_text":"Alarmmanager"}},{"query":{"id":[{"timestamp_usec":"1504858965494001"}],"query_text":"Manager"}},{"query":{"id":[{"timestamp_usec":"1504858869988001"}],"query_text":"see lovers texts"}},{"query":{"id":[{"timestamp_usec":"1504842873071449"}],"query_text":"what is a toast message?"}},{"query":{"id":[{"timestamp_usec":"1504823715460762"}],"query_text":"[Ljava.lang.CharSequence;@8fadb26 2017-09-07 14:35:19 android"}},{"query":{"id":[{"timestamp_usec":"1504823715320736"}],"query_text":"2 new messages [Ljava.lang.CharSequence;@8fadb26 2017-09-07 14:35:19 android"}},{"query":{"id":[{"timestamp_usec":"1504823683824245"}],"query_text":"2 new messages [Ljava.lang.CharSequence;@8fadb26 2017-09-07 14:35:19"}},{"query":{"id":[{"timestamp_usec":"1504823552778193"},{"timestamp_usec":"1504823552878768"},{"timestamp_usec":"1504823555651546"}],"query_text":"what is a toast message?"}},{"query":{"id":[{"timestamp_usec":"1504822978782101"}],"query_text":"What is a toast message?"}},{"query":{"id":[{"timestamp_usec":"1504822949271825"}],"query_text":"toast message in android"}},{"query":{"id":[{"timestamp_usec":"1504809084507214"}],"query_text":"facebook"}},{"query":{"id":[{"timestamp_usec":"1504809067110386"}],"query_text":"inbox , message, delete"}},{"query":{"id":[{"timestamp_usec":"1504781114231001"}],"query_text":"sync phones"}},{"query":{"id":[{"timestamp_usec":"1504780539267254"}],"query_text":"hurricane irma storm path florida"}},{"query":{"id":[{"timestamp_usec":"1504779777460000"}],"query_text":"couple tracker"}},{"query":{"id":[{"timestamp_usec":"1504778351649001"}],"query_text":"see lovers texts"}},{"query":{"id":[{"timestamp_usec":"1504778040659001"}],"query_text":"hidden message catcher"}},{"query":{"id":[{"timestamp_usec":"1504702697635000"}],"query_text":"pub:Predict Apps"}},{"query":{"id":[{"timestamp_usec":"1504700604000001"}],"query_text":"hidden bug detector"}},{"query":{"id":[{"timestamp_usec":"1504700409498001"}],"query_text":"hidden app"}},{"query":{"id":[{"timestamp_usec":"1504693983655000"}],"query_text":"task manager"}},{"query":{"id":[{"timestamp_usec":"1504693232093000"}],"query_text":"Facebook"}},{"query":{"id":[{"timestamp_usec":"1504685566051001"}],"query_text":"tango"}},{"query":{"id":[{"timestamp_usec":"1504681950521132"}],"query_text":"google play services"}},{"query":{"id":[{"timestamp_usec":"1504681101396000"}],"query_text":"Google Play Services"}},{"query":{"id":[{"timestamp_usec":"1504678702533001"}],"query_text":"message plus"}},{"query":{"id":[{"timestamp_usec":"1504676753494001"}],"query_text":"Google Setting"}},{"query":{"id":[{"timestamp_usec":"1504674157433641"}],"query_text":"Inbox , message, delete"}},{"query":{"id":[{"timestamp_usec":"1504673415965001"}],"query_text":"hangouts"}},{"query":{"id":[{"timestamp_usec":"1504525407248420"}],"query_text":"inbox , message, delete"}},{"query":{"id":[{"timestamp_usec":"1504415158062000"}],"query_text":"messenger"}},{"query":{"id":[{"timestamp_usec":"1504415152436001"}],"query_text":"system ui"}},{"query":{"id":[{"timestamp_usec":"1504413493608000"}],"query_text":"tangled"}},{"query":{"id":[{"timestamp_usec":"1504413191841001"}],"query_text":"system ui"}},{"query":{"id":[{"timestamp_usec":"1504412733566001"}],"query_text":"couple app"}},{"query":{"id":[{"timestamp_usec":"1504410727617001"}],"query_text":"messenger"}},{"query":{"id":[{"timestamp_usec":"1504410535659094"}],"query_text":"facebook"}},{"query":{"id":[{"timestamp_usec":"1504408534563115"}],"query_text":"Inbox , message, delete"}},{"query":{"id":[{"timestamp_usec":"1504408310976765"}],"query_text":"u"}},{"query":{"id":[{"timestamp_usec":"1504398160439024"}],"query_text":"how to delete all messages on facebook messenger"}},{"query":{"id":[{"timestamp_usec":"1504397180132231"}],"query_text":"Inbox , message, delete"}},{"query":{"id":[{"timestamp_usec":"1504397104588323"}],"query_text":"hurricane harvey flooding"}},{"query":{"id":[{"timestamp_usec":"1504396338620001"}],"query_text":"play services"}},{"query":{"id":[{"timestamp_usec":"1504395894090001"}],"query_text":"es manager"}},{"query":{"id":[{"timestamp_usec":"1504394437538001"}],"query_text":"es file explorer"}},{"query":{"id":[{"timestamp_usec":"1504393681892001"}],"query_text":"es"}},{"query":{"id":[{"timestamp_usec":"1504391661791780"}],"query_text":"chrome"}},{"query":{"id":[{"timestamp_usec":"1504391134997601"}],"query_text":"on the road again"}},{"query":{"id":[{"timestamp_usec":"1504192044346000"}],"query_text":"tango"}},{"query":{"id":[{"timestamp_usec":"1504192029388000"}],"query_text":"tangled"}},{"query":{"id":[{"timestamp_usec":"1504154393864000"}],"query_text":"es"}},{"query":{"id":[{"timestamp_usec":"1504154055913179"}],"query_text":"Inbox , message, delete"}},{"query":{"id":[{"timestamp_usec":"1504153568288466"},{"timestamp_usec":"1504153568294467"},{"timestamp_usec":"1504153568445476"},{"timestamp_usec":"1504153568457477"}],"query_text":"i"}},{"query":{"id":[{"timestamp_usec":"1504153567912411"}],"query_text":"de"}},{"query":{"id":[{"timestamp_usec":"1504153218869594"},{"timestamp_usec":"1504153291054207"},{"timestamp_usec":"1504153291150209"},{"timestamp_usec":"1504153291152210"},{"timestamp_usec":"1504153291352223"}],"query_text":"history"}},{"query":{"id":[{"timestamp_usec":"1504127354438825"},{"timestamp_usec":"1504127771405570"},{"timestamp_usec":"1504128327906455"}],"query_text":"St Luke's Hospital Woodlands Texas"}},{"query":{"id":[{"timestamp_usec":"1504102470565816"}],"query_text":"facebook"}},{"query":{"id":[{"timestamp_usec":"1504099538960001"}],"query_text":"mobile services"}},{"query":{"id":[{"timestamp_usec":"1504006212872788"}],"query_text":"new republic app true use"}},{"query":{"id":[{"timestamp_usec":"1504006201123811"}],"query_text":"new republic true use"}},{"query":{"id":[{"timestamp_usec":"1504005911610001"}],"query_text":"mobile services"}},{"query":{"id":[{"timestamp_usec":"1504005904229000"}],"query_text":"Mobile Services"}},{"query":{"id":[{"timestamp_usec":"1504005904018000"},{"timestamp_usec":"1504005904024000"}],"query_text":"message plus"}},{"query":{"id":[{"timestamp_usec":"1503976972457001"},{"timestamp_usec":"1503977024071000"}],"query_text":"message plus"}}]}