{
 "kind": "plus#person",
 "etag": "\"eWRKzBKEtxXstSrax80TBsvb12M/xUZBGLvNO3eow0uE6fSEvrFOqBg\"",
 "gender": "female",
 "emails": [
  {
   "value": "ashleynbryant2020@gmail.com",
   "type": "account"
  }
 ],
 "objectType": "person",
 "id": "110338717088612338831",
 "displayName": "Ashley Bryant",
 "name": {
  "familyName": "Bryant",
  "givenName": "Ashley"
 },
 "url": "https://plus.google.com/110338717088612338831",
 "image": {
  "url": "https://lh4.googleusercontent.com/-YBQuiv-C6lM/AAAAAAAAAAI/AAAAAAAAACA/z6z1ELj0qiA/photo.jpg?sz=50",
  "isDefault": false
 },
 "isPlusUser": true,
 "hasAcceptedMobileTos": true,
 "language": "en",
 "ageRange": {
  "min": 21
 },
 "circledByCount": 0,
 "verified": false
}
