{
  "kind" : "tasks#taskLists",
  "items" : [ {
    "kind" : "tasks#taskList",
    "id" : "MTQyNzYyNDQzNjc4OTU2NzExNTA6MDow",
    "title" : "Ashley Bryant's list",
    "updated" : "2017-09-13T06:54:16.000Z",
    "selfLink" : "https://www.googleapis.com/tasks/v1/users/@me/lists/MTQyNzYyNDQzNjc4OTU2NzExNTA6MDow",
    "kind" : "tasks#tasks",
    "items" : [ {
      "kind" : "tasks#task",
      "id" : "MTQyNzYyNDQzNjc4OTU2NzExNTA6MDo5OTIxNTQ2MzY",
      "title" : "Delete",
      "updated" : "2017-09-07T10:36:56.000Z",
      "selfLink" : "https://www.googleapis.com/tasks/v1/lists/MTQyNzYyNDQzNjc4OTU2NzExNTA6MDow/tasks/MTQyNzYyNDQzNjc4OTU2NzExNTA6MDo5OTIxNTQ2MzY",
      "status" : "completed",
      "completed" : "2017-09-06T08:22:48.000Z"
    }, {
      "kind" : "tasks#task",
      "id" : "MTQyNzYyNDQzNjc4OTU2NzExNTA6MDoxMzg2MjQ0NjEw",
      "title" : "b",
      "updated" : "2017-09-13T06:54:15.000Z",
      "selfLink" : "https://www.googleapis.com/tasks/v1/lists/MTQyNzYyNDQzNjc4OTU2NzExNTA6MDow/tasks/MTQyNzYyNDQzNjc4OTU2NzExNTA6MDoxMzg2MjQ0NjEw",
      "status" : "needsAction"
    }, {
      "kind" : "tasks#task",
      "id" : "MTQyNzYyNDQzNjc4OTU2NzExNTA6MDo3Mjg5MTMzMDc",
      "title" : "",
      "updated" : "2017-09-13T06:54:16.000Z",
      "selfLink" : "https://www.googleapis.com/tasks/v1/lists/MTQyNzYyNDQzNjc4OTU2NzExNTA6MDow/tasks/MTQyNzYyNDQzNjc4OTU2NzExNTA6MDo3Mjg5MTMzMDc",
      "status" : "needsAction"
    } ]
  } ]
}